{"IcoMoonType":"selection","icons":[{"icon":{"paths":["M548.198 360.96l-36.198-36.198-289.638 289.638 72.397 72.397 217.242-217.19 217.242 217.19 72.397-72.397z"],"attrs":[{}],"isMulticolor":false,"isMulticolor2":false,"tags":["cheveron-up"],"grid":20},"attrs":[{}],"properties":{"order":1,"id":3,"prevSize":20,"code":59648,"name":"cheveron-up"},"setIdx":0,"setId":4,"iconIdx":0},{"icon":{"paths":["M663.040 548.198l36.198-36.198-289.638-289.638-72.397 72.397 217.19 217.242-217.19 217.242 72.397 72.397 253.44-253.44z"],"attrs":[{}],"isMulticolor":false,"isMulticolor2":false,"tags":["cheveron-right"],"grid":20},"attrs":[{}],"properties":{"order":2,"id":2,"prevSize":20,"code":59649,"name":"cheveron-right"},"setIdx":0,"setId":4,"iconIdx":1},{"icon":{"paths":["M360.96 475.802l-36.198 36.198 289.638 289.638 72.397-72.397-217.19-217.242 217.19-217.242-72.397-72.397z"],"attrs":[{}],"isMulticolor":false,"isMulticolor2":false,"tags":["cheveron-left"],"grid":20},"attrs":[{}],"properties":{"order":3,"id":1,"prevSize":20,"code":59650,"name":"cheveron-left"},"setIdx":0,"setId":4,"iconIdx":2},{"icon":{"paths":["M475.802 663.040l36.198 36.198 289.638-289.638-72.397-72.397-217.242 217.19-217.242-217.19-72.397 72.397z"],"attrs":[{}],"isMulticolor":false,"isMulticolor2":false,"tags":["cheveron-down"],"grid":20},"attrs":[{}],"properties":{"order":4,"id":0,"prevSize":20,"code":59651,"name":"cheveron-down"},"setIdx":0,"setId":4,"iconIdx":3},{"icon":{"paths":["M512 0c-282.77 0-512 229.23-512 512s229.23 512 512 512v0c282.77 0 512-229.23 512-512s-229.23-512-512-512v0z"],"attrs":[{"fill":"rgb(255, 96, 0)"}],"isMulticolor":false,"isMulticolor2":false,"tags":["discover"],"grid":0},"attrs":[{"fill":"rgb(255, 96, 0)"}],"properties":{"id":200,"order":13,"prevSize":32,"code":59652,"name":"discover"},"setIdx":1,"setId":3,"iconIdx":199},{"icon":{"paths":["M832 192v-128h-640v128h-192v128c0 106.038 85.958 192 192 192 20.076 0 39.43-3.086 57.62-8.802 46.174 66.008 116.608 113.796 198.38 130.396v198.406h-64c-70.694 0-128 57.306-128 128h512c0-70.694-57.306-128-128-128h-64v-198.406c81.772-16.6 152.206-64.386 198.38-130.396 18.19 5.716 37.544 8.802 57.62 8.802 106.042 0 192-85.962 192-192v-128h-192zM192 436c-63.962 0-116-52.038-116-116v-64h116v64c0 40.186 7.43 78.632 20.954 114.068-6.802 1.246-13.798 1.932-20.954 1.932zM948 320c0 63.962-52.038 116-116 116-7.156 0-14.152-0.686-20.954-1.932 13.524-35.436 20.954-73.882 20.954-114.068v-64h116v64z"],"attrs":[],"isMulticolor":false,"isMulticolor2":false,"tags":["trophy","cup","prize","award","winner","tournament"],"defaultCode":59806,"grid":16},"attrs":[],"properties":{"ligatures":"trophy, cup","name":"trophy","order":2,"id":0,"prevSize":32,"code":59806},"setIdx":2,"setId":2,"iconIdx":0},{"icon":{"paths":["M384 928c0 53.019-42.981 96-96 96s-96-42.981-96-96c0-53.019 42.981-96 96-96s96 42.981 96 96z","M1024 928c0 53.019-42.981 96-96 96s-96-42.981-96-96c0-53.019 42.981-96 96-96s96 42.981 96 96z","M1024 512v-384h-768c0-35.346-28.654-64-64-64h-192v64h128l48.074 412.054c-29.294 23.458-48.074 59.5-48.074 99.946 0 70.696 57.308 128 128 128h768v-64h-768c-35.346 0-64-28.654-64-64 0-0.218 0.014-0.436 0.016-0.656l831.984-127.344z"],"tags":["cart","purchase","ecommerce","shopping"],"defaultCode":59706,"grid":16,"attrs":[]},"attrs":[],"properties":{"ligatures":"cart, purchase","name":"cart","order":7,"id":59,"prevSize":32,"code":59706},"setIdx":3,"setId":1,"iconIdx":58}],"height":1024,"metadata":{"name":"icomoon"},"preferences":{"showGlyphs":true,"showQuickUse":true,"showQuickUse2":true,"showSVGs":true,"fontPref":{"prefix":"icon-","metadata":{"fontFamily":"icomoon"},"metrics":{"emSize":1024,"baseline":6.25,"whitespace":50},"embed":false},"imagePref":{"prefix":"icon-","png":true,"useClassSelector":true,"color":0,"bgColor":16777215,"classSelector":".icon"},"historySize":50,"showCodes":true,"gridSize":16}}